student_id,name,age,gender,course,enrollment_date,final_grade,is_intern
S0001,Student_1,30,Female,data science,2023-03-22,97,No
S0002,Student_2,33,Female,data science,2023-01-29,64,No
S0003,Student_3,39,Female,data engineering,2023-12-24,97,No
S0004,Student_4,18,Male,data engineering,2023-01-09,89,Yes
S0005,Student_5,21,Female,cloud computing,2023-05-26,65,No
S0006,Student_6,21,Female,data engineering,2023-08-29,74,No
S0007,Student_7,25,Male,ai fundamentals,2023-08-25,64,Yes
S0008,Student_8,27,Female,ai fundamentals,2023-08-09,60,No
S0009,Student_9,37,Male,ai fundamentals,2023-06-03,54,No
S0010,Student_10,39,Male,ai fundamentals,2023-12-17,70,No
S0011,Student_11,36,Male,ai fundamentals,2023-05-04,91,No
S0012,Student_12,22,Male,cloud computing,2023-04-12,90,Yes
S0013,Student_13,41,Female,ai fundamentals,2023-07-07,61,No
S0014,Student_14,24,Female,cloud computing,2023-03-01,79,No
S0015,Student_15,42,Female,data science,2023-07-06,53,No
S0016,Student_16,42,Female,data science,2023-10-02,94,Yes
S0017,Student_17,30,Female,data engineering,2023-01-13,76,Yes
S0018,Student_18,44,Male,ai fundamentals,2023-10-11,77,No
S0019,Student_19,19,Female,data science,2023-01-11,52,No
S0020,Student_20,24,Male,cloud computing,2023-09-30,52,No
S0021,Student_21,25,Female,cloud computing,2023-10-11,73,Yes
S0022,Student_22,41,Female,cloud computing,2023-05-05,95,Yes
S0023,Student_23,32,Female,data engineering,2023-09-20,78,No
S0024,Student_24,42,Female,cloud computing,2023-01-01,68,No
S0025,Student_25,35,Female,data engineering,2023-01-08,97,Yes
S0026,Student_26,23,Male,cloud computing,2023-06-03,51,No
S0027,Student_27,43,Male,data engineering,2023-03-09,54,Yes
S0028,Student_28,31,Female,data engineering,2023-11-12,86,Yes
S0029,Student_29,26,Female,data science,2023-09-06,67,Yes
S0030,Student_30,27,Male,data science,2023-08-02,74,No
S0031,Student_31,38,Male,cloud computing,2023-04-24,75,Yes
S0032,Student_32,37,Female,data science,2023-09-04,93,Yes
S0033,Student_33,34,Female,data engineering,2023-07-20,62,No
S0034,Student_34,37,Female,data engineering,2023-04-22,84,No
S0035,Student_35,23,Female,ai fundamentals,2023-06-16,71,Yes
S0036,Student_36,33,Male,ai fundamentals,2023-06-14,100,Yes
S0037,Student_37,33,Male,data engineering,2023-03-10,59,Yes
S0038,Student_38,18,Male,data science,2023-04-02,86,Yes
S0039,Student_39,36,Male,data engineering,2023-09-27,93,Yes
S0040,Student_40,21,Male,cloud computing,2023-05-22,91,Yes
S0041,Student_41,42,Male,ai fundamentals,2023-11-25,56,No
S0042,Student_42,35,Female,ai fundamentals,2023-05-15,67,Yes
S0043,Student_43,37,Female,data science,2023-12-17,81,Yes
S0044,Student_44,37,Male,data engineering,2023-05-21,100,No
S0045,Student_45,37,Male,ai fundamentals,2023-04-09,97,No
S0046,Student_46,32,Male,data science,2023-08-21,94,Yes
S0047,Student_47,25,Male,ai fundamentals,2023-01-17,56,Yes
S0048,Student_48,18,Female,data science,2023-09-19,100,No
S0049,Student_49,19,Female,ai fundamentals,2023-02-10,66,No
S0050,Student_50,27,Male,cloud computing,2023-07-01,80,Yes
S0051,Student_51,43,Male,ai fundamentals,2023-10-06,78,No
S0052,Student_52,18,Female,data engineering,2023-12-24,61,No
S0053,Student_53,28,Male,data science,2023-01-24,82,Yes
S0054,Student_54,38,Female,data science,2023-09-09,88,No
S0055,Student_55,41,Female,ai fundamentals,2023-08-24,75,Yes
S0056,Student_56,21,Male,data engineering,2023-07-07,88,Yes
S0057,Student_57,29,Male,ai fundamentals,2023-02-04,79,Yes
S0058,Student_58,36,Female,ai fundamentals,2023-12-11,52,Yes
S0059,Student_59,41,Female,ai fundamentals,2023-03-18,69,No
S0060,Student_60,20,Male,cloud computing,2023-01-18,62,Yes
S0061,Student_61,18,Female,data science,2023-04-06,68,Yes
S0062,Student_62,18,Male,data engineering,2023-02-18,50,No
S0063,Student_63,22,Male,cloud computing,2023-10-21,91,No
S0064,Student_64,39,Female,cloud computing,2023-01-01,72,Yes
S0065,Student_65,23,Female,ai fundamentals,2023-04-24,67,Yes
S0066,Student_66,24,Male,ai fundamentals,2023-12-31,92,No
S0067,Student_67,26,Male,ai fundamentals,2023-01-05,54,Yes
S0068,Student_68,38,Female,data science,2023-04-06,54,No
S0069,Student_69,35,Male,ai fundamentals,2023-05-08,68,No
S0070,Student_70,33,Male,cloud computing,2023-01-11,55,No
S0071,Student_71,22,Male,data science,2023-10-13,64,No
S0072,Student_72,27,Female,cloud computing,2023-12-20,60,No
S0073,Student_73,28,Female,data science,2023-12-28,100,No
S0074,Student_74,44,Female,data science,2023-08-29,79,No
S0075,Student_75,42,Male,data science,2023-01-14,69,No
S0076,Student_76,19,Female,cloud computing,2023-10-03,84,Yes
S0077,Student_77,19,Female,data science,2023-02-11,53,Yes
S0078,Student_78,25,Male,cloud computing,2023-07-24,58,No
S0079,Student_79,27,Male,data engineering,2023-02-21,76,Yes
S0080,Student_80,43,Female,cloud computing,2023-04-18,68,Yes
S0081,Student_81,21,Female,cloud computing,2023-05-25,54,Yes
S0082,Student_82,24,Female,data science,2023-08-31,57,No
S0083,Student_83,41,Female,data science,2023-01-15,92,Yes
S0084,Student_84,29,Male,ai fundamentals,2023-06-14,79,No
S0085,Student_85,32,Female,data engineering,2023-04-25,85,Yes
S0086,Student_86,36,Female,data engineering,2023-05-13,65,No
S0087,Student_87,18,Male,ai fundamentals,2023-10-31,96,No
S0088,Student_88,32,Male,cloud computing,2023-11-02,95,No
S0089,Student_89,21,Female,cloud computing,2023-09-12,53,Yes
S0090,Student_90,39,Female,data science,2023-10-28,53,No
S0091,Student_91,30,Female,data engineering,2023-03-11,56,Yes
S0092,Student_92,43,Female,data science,2023-12-27,52,Yes
S0093,Student_93,28,Female,ai fundamentals,2023-09-30,87,No
S0094,Student_94,38,Male,data engineering,2023-09-30,74,No
S0095,Student_95,29,Male,data science,2023-09-24,85,No
S0096,Student_96,22,Female,data engineering,2023-01-06,53,Yes
S0097,Student_97,24,Male,data engineering,2023-03-09,57,Yes
S0098,Student_98,22,Female,data science,2023-06-16,77,Yes
S0099,Student_99,33,Male,data science,2023-10-02,100,No
S0100,Student_100,38,Female,data engineering,2023-04-05,52,No
S0101,Student_101,21,Female,ai fundamentals,2023-10-15,98,No
S0102,Student_102,30,Male,cloud computing,2023-02-17,57,Yes
S0103,Student_103,22,Female,data engineering,2023-10-05,60,No
S0104,Student_104,38,Female,ai fundamentals,2023-02-25,95,Yes
S0105,Student_105,26,Female,data engineering,2023-11-27,98,No
S0106,Student_106,32,Female,data science,2023-04-19,55,Yes
S0107,Student_107,33,Female,ai fundamentals,2023-02-01,90,No
S0108,Student_108,38,Female,ai fundamentals,2023-03-25,72,No
S0109,Student_109,21,Male,data engineering,2023-03-08,93,Yes
S0110,Student_110,44,Male,cloud computing,2023-05-28,51,No
S0111,Student_111,41,Female,data engineering,2023-06-09,56,No
S0112,Student_112,33,Female,cloud computing,2023-10-03,78,Yes
S0113,Student_113,31,Male,ai fundamentals,2023-10-23,55,Yes
S0114,Student_114,39,Male,cloud computing,2023-03-03,90,Yes
S0115,Student_115,39,Male,data science,2023-04-08,60,Yes
S0116,Student_116,34,Male,cloud computing,2023-09-02,57,No
S0117,Student_117,35,Female,cloud computing,2023-08-25,79,No
S0118,Student_118,23,Female,ai fundamentals,2023-08-11,86,No
S0119,Student_119,27,Male,cloud computing,2023-05-03,68,No
S0120,Student_120,21,Male,ai fundamentals,2023-07-10,97,Yes
S0121,Student_121,18,Male,data science,2023-07-24,52,Yes
S0122,Student_122,23,Male,data science,2023-03-22,91,No
S0123,Student_123,18,Female,data engineering,2023-05-15,79,Yes
S0124,Student_124,35,Male,data engineering,2023-10-29,82,No
S0125,Student_125,36,Male,data engineering,2023-06-08,99,No
S0126,Student_126,22,Male,data science,2023-03-18,75,No
S0127,Student_127,20,Female,cloud computing,2023-07-01,86,No
S0128,Student_128,34,Female,ai fundamentals,2023-04-01,69,No
S0129,Student_129,21,Female,data science,2023-05-15,82,No
S0130,Student_130,20,Male,cloud computing,2023-05-01,77,No
S0131,Student_131,28,Female,data engineering,2023-05-11,76,Yes
S0132,Student_132,31,Female,ai fundamentals,2023-06-04,78,No
S0133,Student_133,34,Male,data engineering,2023-08-27,95,No
S0134,Student_134,25,Female,ai fundamentals,2023-10-09,73,Yes
S0135,Student_135,39,Male,cloud computing,2023-01-14,68,Yes
S0136,Student_136,27,Female,data science,2023-08-08,55,Yes
S0137,Student_137,18,Female,data engineering,2023-03-04,51,Yes
S0138,Student_138,28,Male,data science,2023-02-27,71,No
S0139,Student_139,36,Male,cloud computing,2023-10-21,84,Yes
S0140,Student_140,29,Female,cloud computing,2023-04-18,51,Yes
S0141,Student_141,44,Female,cloud computing,2023-11-22,79,Yes
S0142,Student_142,41,Male,data science,2023-11-02,95,No
S0143,Student_143,20,Female,data science,2023-01-26,84,No
S0144,Student_144,43,Male,ai fundamentals,2023-09-26,64,No
S0145,Student_145,20,Male,data science,2023-02-22,92,Yes
S0146,Student_146,21,Male,data science,2023-11-23,80,No
S0147,Student_147,21,Female,cloud computing,2023-09-11,59,No
S0148,Student_148,36,Female,ai fundamentals,2023-03-15,77,Yes
S0149,Student_149,32,Female,data science,2023-03-14,57,Yes
S0150,Student_150,21,Female,data science,2023-05-25,62,Yes
S0151,Student_151,38,Female,cloud computing,2023-12-18,79,Yes
S0152,Student_152,35,Male,data science,2023-12-17,86,Yes
S0153,Student_153,36,Female,cloud computing,2023-09-12,88,Yes
S0154,Student_154,32,Male,ai fundamentals,2023-08-18,78,Yes
S0155,Student_155,27,Male,cloud computing,2023-10-22,99,Yes
S0156,Student_156,44,Female,cloud computing,2023-06-26,71,No
S0157,Student_157,19,Male,ai fundamentals,2023-07-08,73,No
S0158,Student_158,22,Female,data engineering,2023-01-07,87,Yes
S0159,Student_159,28,Male,cloud computing,2023-04-30,70,Yes
S0160,Student_160,40,Male,data science,2023-01-02,63,No
S0161,Student_161,29,Male,cloud computing,2023-07-11,95,Yes
S0162,Student_162,26,Female,ai fundamentals,2023-07-13,90,Yes
S0163,Student_163,29,Female,data science,2023-05-06,100,Yes
S0164,Student_164,20,Female,ai fundamentals,2023-10-05,91,Yes
S0165,Student_165,37,Female,cloud computing,2023-10-30,51,No
S0166,Student_166,34,Male,ai fundamentals,2023-09-14,58,Yes
S0167,Student_167,18,Female,ai fundamentals,2023-08-03,89,No
S0168,Student_168,40,Female,data engineering,2023-06-14,94,Yes
S0169,Student_169,18,Male,cloud computing,2023-06-04,59,No
S0170,Student_170,24,Male,cloud computing,2023-05-29,99,No
S0171,Student_171,37,Female,cloud computing,2023-12-07,67,Yes
S0172,Student_172,32,Male,cloud computing,2023-08-20,99,No
S0173,Student_173,28,Female,data science,2023-02-04,75,No
S0174,Student_174,37,Male,ai fundamentals,2023-08-30,73,No
S0175,Student_175,42,Female,cloud computing,2023-03-03,90,No
S0176,Student_176,26,Male,data science,2023-06-05,60,No
S0177,Student_177,31,Female,cloud computing,2023-08-17,76,Yes
S0178,Student_178,42,Male,ai fundamentals,2023-03-15,63,Yes
S0179,Student_179,20,Female,cloud computing,2023-11-25,81,No
S0180,Student_180,21,Female,data science,2023-02-22,71,No
S0181,Student_181,20,Female,data science,2023-03-26,83,No
S0182,Student_182,29,Female,ai fundamentals,2023-11-15,95,Yes
S0183,Student_183,31,Female,cloud computing,2023-02-18,51,Yes
S0184,Student_184,34,Female,data science,2023-10-27,82,Yes
S0185,Student_185,26,Male,data engineering,2023-05-22,93,No
S0186,Student_186,26,Female,cloud computing,2023-09-23,56,No
S0187,Student_187,37,Male,data engineering,2023-06-05,84,Yes
S0188,Student_188,26,Female,data science,2023-04-01,80,Yes
S0189,Student_189,44,Male,data science,2023-02-04,96,No
S0190,Student_190,20,Female,ai fundamentals,2023-11-23,76,Yes
S0191,Student_191,42,Male,ai fundamentals,2023-02-07,88,Yes
S0192,Student_192,38,Female,cloud computing,2023-01-07,86,Yes
S0193,Student_193,21,Male,data science,2023-11-11,67,No
S0194,Student_194,30,Female,data science,2023-03-27,98,Yes
S0195,Student_195,32,Male,data science,2023-01-04,62,Yes
S0196,Student_196,18,Male,data science,2023-03-17,97,No
S0197,Student_197,22,Male,data engineering,2023-08-23,89,Yes
S0198,Student_198,21,Female,data science,2023-09-25,98,No
S0199,Student_199,31,Male,ai fundamentals,2023-03-20,98,No
S0200,Student_200,29,Female,cloud computing,2023-07-31,75,No
S0201,Student_201,40,Female,cloud computing,2023-10-10,50,No
S0202,Student_202,31,Female,cloud computing,2023-12-30,88,Yes
S0203,Student_203,43,Female,data engineering,2023-09-13,80,Yes
S0204,Student_204,31,Male,data science,2023-03-22,91,Yes
S0205,Student_205,29,Female,cloud computing,2023-06-13,97,No
S0206,Student_206,42,Male,ai fundamentals,2023-02-22,86,Yes
S0207,Student_207,34,Female,data engineering,2023-03-22,88,No
S0208,Student_208,42,Male,data science,2023-07-08,78,Yes
S0209,Student_209,39,Female,data science,2023-04-10,92,No
S0210,Student_210,32,Female,data science,2023-05-08,73,No
S0211,Student_211,43,Male,data science,2023-06-04,65,No
S0212,Student_212,34,Female,data engineering,2023-02-21,88,Yes
S0213,Student_213,43,Female,ai fundamentals,2023-12-02,88,No
S0214,Student_214,40,Female,data science,2023-10-11,72,No
S0215,Student_215,39,Female,data engineering,2023-05-13,98,Yes
S0216,Student_216,37,Female,data engineering,2023-12-25,57,No
S0217,Student_217,19,Female,ai fundamentals,2023-08-02,87,No
S0218,Student_218,26,Female,data engineering,2023-04-14,100,Yes
S0219,Student_219,18,Female,data engineering,2023-08-30,52,No
S0220,Student_220,22,Male,cloud computing,2023-10-07,63,Yes
S0221,Student_221,43,Female,cloud computing,2023-12-30,70,No
S0222,Student_222,24,Male,ai fundamentals,2023-04-18,96,Yes
S0223,Student_223,39,Female,cloud computing,2023-01-23,79,No
S0224,Student_224,31,Male,data engineering,2023-12-15,82,Yes
S0225,Student_225,25,Male,data engineering,2023-02-13,69,No
S0226,Student_226,42,Male,ai fundamentals,2023-01-07,94,No
S0227,Student_227,42,Female,data engineering,2023-07-25,94,No
S0228,Student_228,33,Female,ai fundamentals,2023-05-26,72,Yes
S0229,Student_229,27,Male,cloud computing,2023-05-06,72,No
S0230,Student_230,36,Female,cloud computing,2023-10-02,94,Yes
S0231,Student_231,26,Female,data science,2023-08-29,87,Yes
S0232,Student_232,40,Male,cloud computing,2023-05-11,84,Yes
S0233,Student_233,33,Female,data science,2023-01-28,88,No
S0234,Student_234,29,Male,data science,2023-08-24,71,No
S0235,Student_235,24,Male,data science,2023-07-27,78,No
S0236,Student_236,33,Female,data engineering,2023-02-21,98,Yes
S0237,Student_237,43,Male,data science,2023-08-04,84,No
S0238,Student_238,19,Female,cloud computing,2023-11-16,51,Yes
S0239,Student_239,40,Female,ai fundamentals,2023-06-08,95,Yes
S0240,Student_240,30,Female,cloud computing,2023-01-14,96,No
S0241,Student_241,42,Female,ai fundamentals,2023-12-15,67,Yes
S0242,Student_242,42,Male,cloud computing,2023-08-31,84,Yes
S0243,Student_243,21,Female,ai fundamentals,2023-06-24,93,Yes
S0244,Student_244,36,Female,cloud computing,2023-06-23,63,No
S0245,Student_245,33,Female,ai fundamentals,2023-04-08,67,Yes
S0246,Student_246,21,Male,data science,2023-09-18,81,No
S0247,Student_247,28,Male,ai fundamentals,2023-05-19,71,Yes
S0248,Student_248,30,Female,data science,2023-03-05,84,Yes
S0249,Student_249,24,Female,cloud computing,2023-10-02,95,No
S0250,Student_250,21,Female,ai fundamentals,2023-07-20,51,Yes
S0251,Student_251,40,Female,ai fundamentals,2023-04-30,55,Yes
S0252,Student_252,23,Female,cloud computing,2023-11-11,97,No
S0253,Student_253,41,Male,data science,2023-07-21,100,No
S0254,Student_254,29,Female,data science,2023-08-27,88,Yes
S0255,Student_255,18,Male,data engineering,2023-01-13,81,Yes
S0256,Student_256,29,Male,data engineering,2023-06-07,78,Yes
S0257,Student_257,26,Female,data engineering,2023-03-20,88,Yes
S0258,Student_258,38,Male,ai fundamentals,2023-12-27,100,Yes
S0259,Student_259,28,Female,ai fundamentals,2023-03-19,98,Yes
S0260,Student_260,40,Male,ai fundamentals,2023-05-18,54,No
S0261,Student_261,29,Male,cloud computing,2023-07-08,87,Yes
S0262,Student_262,23,Female,data engineering,2023-03-18,57,No
S0263,Student_263,33,Male,cloud computing,2023-08-18,53,No
S0264,Student_264,26,Female,data engineering,2023-06-07,71,Yes
S0265,Student_265,20,Female,data engineering,2023-04-20,71,No
S0266,Student_266,37,Female,ai fundamentals,2023-03-17,76,Yes
S0267,Student_267,43,Female,data science,2023-11-12,52,No
S0268,Student_268,41,Female,data engineering,2023-05-24,78,Yes
S0269,Student_269,39,Female,data science,2023-06-10,97,Yes
S0270,Student_270,37,Male,cloud computing,2023-09-12,82,No
S0271,Student_271,32,Male,ai fundamentals,2023-07-28,87,No
S0272,Student_272,38,Female,data engineering,2023-04-19,83,Yes
S0273,Student_273,39,Male,ai fundamentals,2023-04-25,85,No
S0274,Student_274,21,Male,cloud computing,2023-01-12,82,Yes
S0275,Student_275,21,Female,data science,2023-09-29,89,Yes
S0276,Student_276,25,Male,ai fundamentals,2023-10-09,67,No
S0277,Student_277,27,Female,ai fundamentals,2023-10-05,59,No
S0278,Student_278,27,Female,data engineering,2023-05-31,85,Yes
S0279,Student_279,27,Male,data science,2023-09-08,94,Yes
S0280,Student_280,41,Female,cloud computing,2023-12-14,72,Yes
S0281,Student_281,21,Female,data engineering,2023-04-19,55,Yes
S0282,Student_282,32,Female,ai fundamentals,2023-12-14,72,Yes
S0283,Student_283,44,Female,ai fundamentals,2023-08-20,59,Yes
S0284,Student_284,36,Male,data science,2023-04-18,51,Yes
S0285,Student_285,30,Female,cloud computing,2023-04-14,93,No
S0286,Student_286,21,Male,cloud computing,2023-04-10,55,Yes
S0287,Student_287,27,Female,ai fundamentals,2023-09-02,92,Yes
S0288,Student_288,28,Male,cloud computing,2023-09-04,54,Yes
S0289,Student_289,31,Male,data engineering,2023-11-05,57,Yes
S0290,Student_290,25,Female,data science,2023-10-27,69,No
S0291,Student_291,25,Male,ai fundamentals,2023-12-04,100,Yes
S0292,Student_292,39,Female,cloud computing,2023-03-06,88,No
S0293,Student_293,19,Female,cloud computing,2023-10-10,63,No
S0294,Student_294,30,Male,data engineering,2023-05-16,61,No
S0295,Student_295,20,Male,cloud computing,2023-12-05,73,No
S0296,Student_296,20,Male,data engineering,2023-11-28,88,No
S0297,Student_297,42,Male,data science,2023-11-10,61,No
S0298,Student_298,19,Female,ai fundamentals,2023-07-06,90,No
S0299,Student_299,23,Male,data engineering,2023-09-27,81,No
S0300,Student_300,26,Female,cloud computing,2023-08-21,53,No
S0301,Student_301,22,Male,cloud computing,2023-10-02,52,Yes
S0302,Student_302,18,Male,data science,2023-05-26,57,Yes
S0303,Student_303,29,Female,data engineering,2023-06-20,52,No
S0304,Student_304,20,Male,ai fundamentals,2023-10-28,75,No
S0305,Student_305,23,Female,cloud computing,2023-08-15,96,No
S0306,Student_306,39,Male,data engineering,2023-07-23,55,Yes
S0307,Student_307,34,Male,cloud computing,2023-12-10,66,Yes
S0308,Student_308,26,Female,ai fundamentals,2023-11-23,100,No
S0309,Student_309,19,Female,data engineering,2023-07-26,58,No
S0310,Student_310,35,Female,cloud computing,2023-02-16,67,Yes
S0311,Student_311,34,Female,ai fundamentals,2023-02-24,100,No
S0312,Student_312,21,Female,data engineering,2023-06-28,78,Yes
S0313,Student_313,42,Female,data engineering,2023-02-13,64,Yes
S0314,Student_314,26,Female,data science,2023-03-07,56,No
S0315,Student_315,38,Male,ai fundamentals,2023-12-24,63,Yes
S0316,Student_316,22,Female,data engineering,2023-09-20,78,Yes
S0317,Student_317,34,Male,data science,2023-05-02,53,Yes
S0318,Student_318,43,Male,data engineering,2023-06-25,94,Yes
S0319,Student_319,21,Female,cloud computing,2023-06-22,88,No
S0320,Student_320,25,Male,data science,2023-09-23,97,Yes
S0321,Student_321,21,Male,data engineering,2023-01-04,54,No
S0322,Student_322,36,Female,cloud computing,2023-05-04,50,Yes
S0323,Student_323,35,Male,cloud computing,2023-09-02,61,No
S0324,Student_324,19,Female,cloud computing,2023-02-04,88,Yes
S0325,Student_325,36,Male,data science,2023-01-02,56,Yes
S0326,Student_326,35,Male,cloud computing,2023-10-22,70,Yes
S0327,Student_327,38,Female,ai fundamentals,2023-07-26,56,No
S0328,Student_328,20,Male,data engineering,2023-12-17,66,No
S0329,Student_329,23,Male,ai fundamentals,2023-05-22,50,Yes
S0330,Student_330,23,Female,cloud computing,2023-12-09,53,No
S0331,Student_331,30,Female,cloud computing,2023-02-16,55,Yes
S0332,Student_332,30,Male,ai fundamentals,2023-12-10,97,Yes
S0333,Student_333,39,Male,data science,2023-10-21,89,Yes
S0334,Student_334,20,Female,cloud computing,2023-12-16,66,Yes
S0335,Student_335,33,Male,cloud computing,2023-08-26,75,No
S0336,Student_336,39,Female,ai fundamentals,2023-08-23,80,Yes
S0337,Student_337,25,Female,cloud computing,2023-12-13,77,No
S0338,Student_338,25,Male,cloud computing,2023-03-24,61,Yes
S0339,Student_339,29,Female,data science,2023-01-07,90,Yes
S0340,Student_340,40,Female,data science,2023-03-16,50,No
S0341,Student_341,35,Male,data science,2023-01-02,83,No
S0342,Student_342,24,Female,data science,2023-06-26,75,No
S0343,Student_343,25,Male,data science,2023-12-02,64,Yes
S0344,Student_344,36,Male,cloud computing,2023-10-03,98,Yes
S0345,Student_345,29,Male,data engineering,2023-09-12,84,Yes
S0346,Student_346,37,Female,cloud computing,2023-05-28,90,No
S0347,Student_347,35,Male,cloud computing,2023-11-18,100,Yes
S0348,Student_348,27,Male,data engineering,2023-08-17,100,No
S0349,Student_349,32,Male,ai fundamentals,2023-09-23,93,Yes
S0350,Student_350,39,Male,data engineering,2023-08-22,88,No
S0351,Student_351,27,Female,data science,2023-01-14,69,Yes
S0352,Student_352,43,Female,cloud computing,2023-11-23,92,Yes
S0353,Student_353,36,Male,data science,2023-09-24,84,No
S0354,Student_354,18,Female,data engineering,2023-05-02,88,Yes
S0355,Student_355,27,Female,ai fundamentals,2023-10-27,71,Yes
S0356,Student_356,29,Female,ai fundamentals,2023-04-12,70,No
S0357,Student_357,35,Male,cloud computing,2023-06-18,76,Yes
S0358,Student_358,27,Female,data engineering,2023-09-02,85,No
S0359,Student_359,44,Female,data science,2023-09-29,77,No
S0360,Student_360,18,Female,data science,2023-01-15,53,Yes
S0361,Student_361,40,Female,ai fundamentals,2023-01-01,75,Yes
S0362,Student_362,34,Female,cloud computing,2023-10-19,57,No
S0363,Student_363,28,Male,data engineering,2023-04-08,54,No
S0364,Student_364,22,Female,data science,2023-09-20,54,Yes
S0365,Student_365,42,Female,ai fundamentals,2023-03-30,59,Yes
S0366,Student_366,38,Male,cloud computing,2023-01-04,54,Yes
S0367,Student_367,21,Male,ai fundamentals,2023-11-21,83,No
S0368,Student_368,37,Male,cloud computing,2023-04-12,99,No
S0369,Student_369,26,Male,data engineering,2023-12-18,60,No
S0370,Student_370,42,Female,ai fundamentals,2023-04-25,73,Yes
S0371,Student_371,32,Female,data science,2023-03-09,98,No
S0372,Student_372,41,Female,cloud computing,2023-10-18,82,Yes
S0373,Student_373,18,Female,ai fundamentals,2023-09-27,63,Yes
S0374,Student_374,37,Female,cloud computing,2023-04-24,71,Yes
S0375,Student_375,26,Male,ai fundamentals,2023-12-29,78,Yes
S0376,Student_376,25,Female,ai fundamentals,2023-06-18,73,No
S0377,Student_377,41,Male,data engineering,2023-10-22,98,Yes
S0378,Student_378,31,Male,data science,2023-02-12,55,No
S0379,Student_379,44,Male,ai fundamentals,2023-11-20,52,No
S0380,Student_380,35,Female,data engineering,2023-10-11,50,Yes
S0381,Student_381,42,Female,cloud computing,2023-05-24,59,No
S0382,Student_382,38,Male,cloud computing,2023-08-31,57,No
S0383,Student_383,41,Male,ai fundamentals,2023-08-23,79,Yes
S0384,Student_384,18,Male,data science,2023-04-14,71,No
S0385,Student_385,29,Male,cloud computing,2023-06-28,66,Yes
S0386,Student_386,22,Male,ai fundamentals,2023-02-14,64,Yes
S0387,Student_387,43,Male,cloud computing,2023-12-07,69,Yes
S0388,Student_388,18,Female,data engineering,2023-02-22,87,No
S0389,Student_389,28,Male,ai fundamentals,2023-07-23,76,Yes
S0390,Student_390,32,Male,ai fundamentals,2023-06-22,62,No
S0391,Student_391,40,Male,ai fundamentals,2023-03-23,65,No
S0392,Student_392,38,Male,data engineering,2023-05-14,69,No
S0393,Student_393,36,Male,ai fundamentals,2023-03-25,68,No
S0394,Student_394,22,Female,ai fundamentals,2023-07-19,92,Yes
S0395,Student_395,40,Male,data engineering,2023-09-13,52,Yes
S0396,Student_396,21,Female,cloud computing,2023-11-21,66,No
S0397,Student_397,44,Male,data engineering,2023-04-06,61,No
S0398,Student_398,37,Male,data science,2023-12-16,85,Yes
S0399,Student_399,25,Female,data engineering,2023-04-17,59,No
S0400,Student_400,26,Male,cloud computing,2023-08-31,59,Yes
S0401,Student_401,31,Female,ai fundamentals,2023-04-02,80,Yes
S0402,Student_402,23,Female,ai fundamentals,2023-06-10,72,No
S0403,Student_403,18,Female,data engineering,2023-07-30,92,No
S0404,Student_404,26,Female,data science,2023-12-31,70,Yes
S0405,Student_405,33,Female,data engineering,2023-05-18,91,Yes
S0406,Student_406,33,Female,data science,2023-02-24,69,No
S0407,Student_407,39,Male,data engineering,2023-01-26,54,Yes
S0408,Student_408,29,Female,data science,2023-06-11,96,No
S0409,Student_409,22,Male,data science,2023-01-18,65,Yes
S0410,Student_410,25,Male,ai fundamentals,2023-01-17,83,Yes
S0411,Student_411,31,Female,data science,2023-02-19,50,No
S0412,Student_412,44,Female,ai fundamentals,2023-03-04,97,Yes
S0413,Student_413,28,Female,data engineering,2023-11-24,65,No
S0414,Student_414,38,Male,data engineering,2023-12-17,63,Yes
S0415,Student_415,32,Female,data engineering,2023-03-28,59,No
S0416,Student_416,35,Female,data engineering,2023-06-15,99,No
S0417,Student_417,37,Male,data engineering,2023-09-23,92,No
S0418,Student_418,21,Female,ai fundamentals,2023-05-21,60,No
S0419,Student_419,27,Male,data engineering,2023-03-30,99,Yes
S0420,Student_420,36,Female,data science,2023-07-04,89,Yes
S0421,Student_421,39,Male,cloud computing,2023-03-20,84,Yes
S0422,Student_422,20,Female,ai fundamentals,2023-02-15,89,Yes
S0423,Student_423,37,Male,data science,2023-10-17,98,Yes
S0424,Student_424,39,Female,cloud computing,2023-07-10,94,Yes
S0425,Student_425,44,Female,cloud computing,2023-01-05,94,Yes
S0426,Student_426,29,Male,ai fundamentals,2023-11-22,92,Yes
S0427,Student_427,41,Female,data science,2023-05-06,51,Yes
S0428,Student_428,36,Female,cloud computing,2023-03-18,58,Yes
S0429,Student_429,31,Male,cloud computing,2023-06-19,50,Yes
S0430,Student_430,41,Male,ai fundamentals,2023-09-14,61,Yes
S0431,Student_431,19,Female,data engineering,2023-07-17,76,Yes
S0432,Student_432,24,Male,cloud computing,2023-05-31,80,Yes
S0433,Student_433,28,Female,ai fundamentals,2023-08-22,93,Yes
S0434,Student_434,39,Female,ai fundamentals,2023-12-20,92,No
S0435,Student_435,34,Male,data science,2023-06-27,69,Yes
S0436,Student_436,34,Male,ai fundamentals,2023-04-26,71,Yes
S0437,Student_437,44,Female,ai fundamentals,2023-11-18,97,No
S0438,Student_438,21,Male,data engineering,2023-07-18,51,Yes
S0439,Student_439,44,Female,cloud computing,2023-05-03,68,Yes
S0440,Student_440,35,Male,data science,2023-01-17,78,Yes
S0441,Student_441,28,Female,ai fundamentals,2023-07-19,61,No
S0442,Student_442,27,Female,data science,2023-10-22,99,Yes
S0443,Student_443,30,Female,cloud computing,2023-04-18,89,Yes
S0444,Student_444,31,Female,ai fundamentals,2023-03-26,59,Yes
S0445,Student_445,43,Female,ai fundamentals,2023-07-30,74,No
S0446,Student_446,24,Female,data science,2023-04-26,54,No
S0447,Student_447,24,Female,data engineering,2023-06-12,76,Yes
S0448,Student_448,25,Male,cloud computing,2023-04-24,93,Yes
S0449,Student_449,26,Male,cloud computing,2023-07-22,71,Yes
S0450,Student_450,31,Male,cloud computing,2023-09-13,64,No
S0451,Student_451,42,Female,ai fundamentals,2023-12-26,79,Yes
S0452,Student_452,25,Male,ai fundamentals,2023-10-24,51,No
S0453,Student_453,34,Male,ai fundamentals,2023-02-10,64,No
S0454,Student_454,42,Male,data science,2023-04-05,50,Yes
S0455,Student_455,40,Male,cloud computing,2023-06-14,65,Yes
S0456,Student_456,42,Female,cloud computing,2023-04-09,83,No
S0457,Student_457,33,Female,cloud computing,2023-03-01,82,Yes
S0458,Student_458,43,Male,data engineering,2023-03-31,87,Yes
S0459,Student_459,26,Female,ai fundamentals,2023-07-04,55,Yes
S0460,Student_460,21,Female,cloud computing,2023-05-08,80,Yes
S0461,Student_461,24,Female,cloud computing,2023-10-15,91,Yes
S0462,Student_462,35,Female,ai fundamentals,2023-11-01,97,No
S0463,Student_463,25,Female,ai fundamentals,2023-05-07,100,No
S0464,Student_464,38,Male,cloud computing,2023-11-17,59,No
S0465,Student_465,43,Female,data science,2023-02-07,57,No
S0466,Student_466,20,Male,data science,2023-06-17,80,Yes
S0467,Student_467,34,Female,data science,2023-01-13,71,No
S0468,Student_468,42,Male,data science,2023-12-07,80,Yes
S0469,Student_469,36,Male,data engineering,2023-11-29,91,Yes
S0470,Student_470,31,Female,data science,2023-05-01,58,No
S0471,Student_471,41,Male,cloud computing,2023-11-10,51,No
S0472,Student_472,42,Female,cloud computing,2023-05-30,95,No
S0473,Student_473,22,Male,cloud computing,2023-12-31,71,No
S0474,Student_474,22,Male,data science,2023-01-13,58,No
S0475,Student_475,30,Female,ai fundamentals,2023-05-26,95,Yes
S0476,Student_476,35,Male,cloud computing,2023-04-22,99,No
S0477,Student_477,41,Female,data science,2023-06-07,50,Yes
S0478,Student_478,40,Male,data engineering,2023-10-21,77,Yes
S0479,Student_479,43,Female,data engineering,2023-01-01,100,Yes
S0480,Student_480,38,Male,cloud computing,2023-10-07,98,No
S0481,Student_481,19,Male,ai fundamentals,2023-05-17,75,Yes
S0482,Student_482,23,Female,data engineering,2023-02-23,79,Yes
S0483,Student_483,43,Female,data science,2023-07-30,57,No
S0484,Student_484,41,Male,data science,2023-12-03,76,Yes
S0485,Student_485,19,Female,data engineering,2023-09-27,81,No
S0486,Student_486,37,Male,cloud computing,2023-06-15,64,Yes
S0487,Student_487,39,Male,cloud computing,2023-02-10,69,No
S0488,Student_488,41,Male,data engineering,2023-06-04,58,No
S0489,Student_489,37,Female,data science,2023-12-17,89,No
S0490,Student_490,40,Female,ai fundamentals,2023-10-29,79,Yes
S0491,Student_491,40,Female,data science,2023-12-03,73,Yes
S0492,Student_492,25,Male,ai fundamentals,2023-11-11,63,No
S0493,Student_493,27,Male,ai fundamentals,2023-06-01,90,No
S0494,Student_494,35,Male,data engineering,2023-09-12,51,Yes
S0495,Student_495,27,Female,cloud computing,2023-08-31,75,No
S0496,Student_496,40,Male,ai fundamentals,2023-08-23,74,No
S0497,Student_497,18,Female,data science,2023-09-03,80,Yes
S0498,Student_498,37,Female,cloud computing,2023-01-19,91,Yes
S0499,Student_499,42,Female,cloud computing,2023-12-11,66,Yes
S0500,Student_500,22,Female,data science,2023-08-28,61,Yes
S0501,Student_501,35,Female,data engineering,2023-11-17,89,Yes
S0502,Student_502,38,Male,cloud computing,2023-06-25,57,No
S0503,Student_503,39,Male,ai fundamentals,2023-12-20,88,No
S0504,Student_504,34,Male,data science,2023-01-25,71,No
S0505,Student_505,21,Male,ai fundamentals,2023-07-30,74,No
S0506,Student_506,28,Female,data science,2023-10-24,87,No
S0507,Student_507,19,Female,data science,2023-05-18,93,No
S0508,Student_508,38,Female,cloud computing,2023-11-25,86,No
S0509,Student_509,22,Male,data science,2023-07-19,82,No
S0510,Student_510,22,Male,cloud computing,2023-10-25,59,No
S0511,Student_511,34,Female,data science,2023-10-03,99,Yes
S0512,Student_512,34,Male,cloud computing,2023-08-03,90,No
S0513,Student_513,33,Male,cloud computing,2023-11-20,66,No
S0514,Student_514,28,Male,data engineering,2023-05-08,85,Yes
S0515,Student_515,31,Female,cloud computing,2023-04-30,53,No
S0516,Student_516,26,Male,cloud computing,2023-11-19,89,No
S0517,Student_517,29,Female,cloud computing,2023-08-04,87,Yes
S0518,Student_518,38,Male,data engineering,2023-08-24,53,Yes
S0519,Student_519,24,Female,ai fundamentals,2023-01-25,90,Yes
S0520,Student_520,27,Male,ai fundamentals,2023-03-26,85,Yes
S0521,Student_521,33,Male,data engineering,2023-06-13,51,Yes
S0522,Student_522,21,Female,cloud computing,2023-02-02,53,Yes
S0523,Student_523,37,Female,cloud computing,2023-10-18,61,No
S0524,Student_524,30,Female,data science,2023-02-12,53,No
S0525,Student_525,36,Male,ai fundamentals,2023-12-15,96,No
S0526,Student_526,35,Female,cloud computing,2023-02-07,62,No
S0527,Student_527,28,Male,cloud computing,2023-08-17,82,No
S0528,Student_528,20,Female,ai fundamentals,2023-12-05,89,No
S0529,Student_529,19,Male,cloud computing,2023-02-25,100,Yes
S0530,Student_530,29,Male,data engineering,2023-12-29,50,No
S0531,Student_531,21,Male,cloud computing,2023-02-05,97,Yes
S0532,Student_532,30,Female,cloud computing,2023-12-22,73,Yes
S0533,Student_533,22,Male,ai fundamentals,2023-03-07,57,No
S0534,Student_534,44,Female,data engineering,2023-12-16,51,Yes
S0535,Student_535,19,Male,data science,2023-05-29,84,Yes
S0536,Student_536,35,Male,ai fundamentals,2023-08-18,63,Yes
S0537,Student_537,18,Male,data science,2023-12-22,80,No
S0538,Student_538,25,Male,data science,2023-10-30,71,No
S0539,Student_539,42,Female,data engineering,2023-12-21,67,Yes
S0540,Student_540,44,Male,data science,2023-04-02,73,No
S0541,Student_541,22,Male,data engineering,2023-03-04,85,No
S0542,Student_542,21,Female,cloud computing,2023-03-04,83,Yes
S0543,Student_543,23,Male,data engineering,2023-09-09,56,No
S0544,Student_544,24,Female,ai fundamentals,2023-03-20,74,Yes
S0545,Student_545,21,Female,data science,2023-12-29,84,No
S0546,Student_546,20,Male,data engineering,2023-06-08,90,No
S0547,Student_547,43,Male,ai fundamentals,2023-12-14,88,Yes
S0548,Student_548,26,Female,data engineering,2023-02-21,59,Yes
S0549,Student_549,19,Female,data science,2023-01-05,74,Yes
S0550,Student_550,22,Female,data science,2023-07-16,79,No
S0551,Student_551,44,Female,ai fundamentals,2023-08-22,55,Yes
S0552,Student_552,18,Female,ai fundamentals,2023-10-25,98,No
S0553,Student_553,42,Female,ai fundamentals,2023-09-17,98,No
S0554,Student_554,31,Female,ai fundamentals,2023-06-17,75,No
S0555,Student_555,37,Female,ai fundamentals,2023-04-11,54,No
S0556,Student_556,27,Male,data science,2023-05-22,96,Yes
S0557,Student_557,39,Female,cloud computing,2023-10-28,88,Yes
S0558,Student_558,23,Male,ai fundamentals,2023-09-14,50,Yes
S0559,Student_559,19,Male,cloud computing,2023-11-27,64,Yes
S0560,Student_560,25,Female,ai fundamentals,2023-08-10,59,No
S0561,Student_561,26,Female,ai fundamentals,2023-12-01,86,Yes
S0562,Student_562,40,Male,ai fundamentals,2023-05-09,97,Yes
S0563,Student_563,38,Male,data science,2023-09-14,100,No
S0564,Student_564,25,Female,cloud computing,2023-04-07,78,Yes
S0565,Student_565,21,Female,data science,2023-09-25,65,Yes
S0566,Student_566,39,Female,data engineering,2023-01-30,52,Yes
S0567,Student_567,30,Female,ai fundamentals,2023-03-11,86,No
S0568,Student_568,21,Male,ai fundamentals,2023-07-05,57,Yes
S0569,Student_569,24,Male,cloud computing,2023-10-14,67,Yes
S0570,Student_570,38,Male,data science,2023-10-02,81,Yes
S0571,Student_571,25,Male,data science,2023-04-17,93,No
S0572,Student_572,37,Male,data science,2023-01-17,91,No
S0573,Student_573,18,Male,ai fundamentals,2023-12-04,65,Yes
S0574,Student_574,23,Male,cloud computing,2023-07-23,78,Yes
S0575,Student_575,29,Female,data engineering,2023-01-10,92,No
S0576,Student_576,27,Female,data engineering,2023-08-07,81,Yes
S0577,Student_577,37,Female,data science,2023-03-18,72,Yes
S0578,Student_578,25,Female,cloud computing,2023-07-12,100,No
S0579,Student_579,39,Male,data science,2023-08-20,73,Yes
S0580,Student_580,23,Male,data science,2023-09-04,54,Yes
S0581,Student_581,26,Female,data science,2023-11-30,50,Yes
S0582,Student_582,29,Male,data engineering,2023-12-10,67,Yes
S0583,Student_583,32,Male,data engineering,2023-05-02,56,No
S0584,Student_584,18,Male,data science,2023-12-30,54,Yes
S0585,Student_585,26,Male,cloud computing,2023-06-03,61,Yes
S0586,Student_586,37,Female,data engineering,2023-04-22,82,No
S0587,Student_587,24,Female,data science,2023-03-18,66,Yes
S0588,Student_588,43,Female,data engineering,2023-01-25,52,No
S0589,Student_589,28,Female,ai fundamentals,2023-09-19,60,Yes
S0590,Student_590,37,Male,ai fundamentals,2023-02-04,89,Yes
S0591,Student_591,20,Female,data engineering,2023-03-18,88,Yes
S0592,Student_592,41,Male,data science,2023-07-07,89,No
S0593,Student_593,18,Female,data engineering,2023-02-13,50,Yes
S0594,Student_594,37,Male,cloud computing,2023-11-12,59,No
S0595,Student_595,44,Female,data science,2023-10-05,61,Yes
S0596,Student_596,32,Male,data science,2023-12-31,94,Yes
S0597,Student_597,18,Male,data science,2023-01-13,67,Yes
S0598,Student_598,37,Male,data science,2023-04-09,86,No
S0599,Student_599,24,Male,cloud computing,2023-05-14,91,Yes
S0600,Student_600,19,Male,data engineering,2023-10-04,97,No
S0601,Student_601,30,Male,data engineering,2023-05-05,55,Yes
S0602,Student_602,43,Male,ai fundamentals,2023-06-09,91,No
S0603,Student_603,36,Male,data science,2023-12-21,98,Yes
S0604,Student_604,31,Male,ai fundamentals,2023-10-07,88,Yes
S0605,Student_605,27,Female,cloud computing,2023-01-20,86,No
S0606,Student_606,22,Female,data engineering,2023-03-27,54,Yes
S0607,Student_607,43,Female,data engineering,2023-10-31,99,No
S0608,Student_608,35,Female,data science,2023-09-20,61,Yes
S0609,Student_609,21,Female,data engineering,2023-03-10,89,Yes
S0610,Student_610,20,Male,cloud computing,2023-07-21,79,No
S0611,Student_611,38,Female,cloud computing,2023-01-25,93,No
S0612,Student_612,31,Female,data science,2023-08-07,95,Yes
S0613,Student_613,43,Male,ai fundamentals,2023-09-30,61,No
S0614,Student_614,33,Female,data science,2023-08-15,92,Yes
S0615,Student_615,41,Female,cloud computing,2023-05-31,82,No
S0616,Student_616,22,Male,data engineering,2023-05-06,51,Yes
S0617,Student_617,27,Female,data engineering,2023-01-29,94,Yes
S0618,Student_618,22,Female,data engineering,2023-10-12,97,Yes
S0619,Student_619,35,Male,cloud computing,2023-04-24,84,No
S0620,Student_620,36,Male,ai fundamentals,2023-12-24,92,No
S0621,Student_621,31,Male,data science,2023-03-31,92,No
S0622,Student_622,31,Male,ai fundamentals,2023-05-14,94,No
S0623,Student_623,41,Female,data engineering,2023-03-08,60,No
S0624,Student_624,20,Female,data science,2023-07-23,92,Yes
S0625,Student_625,21,Female,cloud computing,2023-03-19,90,No
S0626,Student_626,27,Male,cloud computing,2023-07-04,96,No
S0627,Student_627,44,Female,ai fundamentals,2023-09-19,89,No
S0628,Student_628,41,Male,data science,2023-01-30,65,No
S0629,Student_629,44,Female,data engineering,2023-04-02,95,No
S0630,Student_630,40,Male,ai fundamentals,2023-11-14,76,No
S0631,Student_631,40,Female,cloud computing,2023-06-04,91,No
S0632,Student_632,30,Female,data science,2023-10-12,90,No
S0633,Student_633,33,Male,data science,2023-04-08,94,No
S0634,Student_634,20,Male,cloud computing,2023-04-16,98,No
S0635,Student_635,44,Male,data engineering,2023-06-25,66,No
S0636,Student_636,37,Female,data engineering,2023-04-20,93,Yes
S0637,Student_637,24,Female,cloud computing,2023-09-18,78,Yes
S0638,Student_638,32,Male,cloud computing,2023-09-25,50,No
S0639,Student_639,34,Male,data engineering,2023-06-29,94,No
S0640,Student_640,33,Male,ai fundamentals,2023-04-10,52,Yes
S0641,Student_641,44,Male,ai fundamentals,2023-10-10,72,No
S0642,Student_642,26,Female,data science,2023-01-16,74,No
S0643,Student_643,18,Male,data science,2023-08-09,94,Yes
S0644,Student_644,28,Male,ai fundamentals,2023-12-29,69,Yes
S0645,Student_645,29,Female,data science,2023-03-12,80,Yes
S0646,Student_646,31,Female,ai fundamentals,2023-09-06,63,No
S0647,Student_647,25,Male,data science,2023-04-06,57,No
S0648,Student_648,24,Female,ai fundamentals,2023-01-03,69,Yes
S0649,Student_649,31,Male,data science,2023-10-01,85,No
S0650,Student_650,39,Female,data science,2023-08-31,79,No
S0651,Student_651,33,Female,ai fundamentals,2023-11-18,70,No
S0652,Student_652,27,Male,data engineering,2023-06-10,58,No
S0653,Student_653,24,Female,ai fundamentals,2023-08-14,60,No
S0654,Student_654,39,Male,ai fundamentals,2023-03-10,91,Yes
S0655,Student_655,29,Male,cloud computing,2023-12-17,84,Yes
S0656,Student_656,36,Female,data engineering,2023-09-18,96,Yes
S0657,Student_657,25,Female,data science,2023-12-02,61,Yes
S0658,Student_658,19,Male,data engineering,2023-05-08,58,Yes
S0659,Student_659,27,Female,data engineering,2023-10-05,71,Yes
S0660,Student_660,20,Female,data engineering,2023-04-13,54,Yes
S0661,Student_661,36,Female,cloud computing,2023-09-24,97,Yes
S0662,Student_662,32,Male,cloud computing,2023-09-30,57,Yes
S0663,Student_663,23,Female,data science,2023-01-03,71,No
S0664,Student_664,40,Female,ai fundamentals,2023-10-30,72,Yes
S0665,Student_665,22,Male,data engineering,2023-07-09,56,No
S0666,Student_666,36,Female,data science,2023-06-24,69,No
S0667,Student_667,32,Male,data science,2023-04-21,93,Yes
S0668,Student_668,36,Male,cloud computing,2023-10-16,56,Yes
S0669,Student_669,19,Male,ai fundamentals,2023-08-20,82,Yes
S0670,Student_670,30,Male,ai fundamentals,2023-07-09,87,Yes
S0671,Student_671,18,Female,cloud computing,2023-10-20,72,No
S0672,Student_672,27,Male,data engineering,2023-12-12,91,Yes
S0673,Student_673,34,Male,cloud computing,2023-09-22,71,No
S0674,Student_674,20,Male,data science,2023-02-17,61,Yes
S0675,Student_675,26,Female,cloud computing,2023-12-14,93,Yes
S0676,Student_676,37,Male,ai fundamentals,2023-01-01,53,No
S0677,Student_677,28,Male,data engineering,2023-06-13,82,Yes
S0678,Student_678,34,Male,data science,2023-01-27,79,No
S0679,Student_679,44,Male,data science,2023-07-10,71,No
S0680,Student_680,42,Male,ai fundamentals,2023-05-31,67,No
S0681,Student_681,42,Male,cloud computing,2023-06-09,55,No
S0682,Student_682,19,Male,data science,2023-05-10,97,No
S0683,Student_683,18,Male,cloud computing,2023-12-16,77,No
S0684,Student_684,23,Male,data science,2023-09-17,51,No
S0685,Student_685,42,Male,ai fundamentals,2023-09-17,83,No
S0686,Student_686,20,Male,data science,2023-12-21,90,Yes
S0687,Student_687,33,Male,data science,2023-04-27,93,No
S0688,Student_688,21,Female,data engineering,2023-06-14,89,No
S0689,Student_689,32,Female,data science,2023-01-21,93,Yes
S0690,Student_690,23,Male,ai fundamentals,2023-08-22,87,No
S0691,Student_691,29,Female,data science,2023-05-14,80,No
S0692,Student_692,37,Female,ai fundamentals,2023-08-05,68,No
S0693,Student_693,42,Female,cloud computing,2023-03-25,65,No
S0694,Student_694,24,Male,ai fundamentals,2023-07-02,95,No
S0695,Student_695,38,Female,cloud computing,2023-08-18,90,Yes
S0696,Student_696,24,Female,data science,2023-09-17,79,No
S0697,Student_697,37,Male,ai fundamentals,2023-12-06,54,Yes
S0698,Student_698,24,Female,data engineering,2023-06-01,98,No
S0699,Student_699,20,Female,ai fundamentals,2023-02-18,92,Yes
S0700,Student_700,24,Female,cloud computing,2023-12-17,70,No
S0701,Student_701,23,Female,cloud computing,2023-06-08,66,Yes
S0702,Student_702,23,Male,data engineering,2023-08-06,71,Yes
S0703,Student_703,31,Female,ai fundamentals,2023-05-21,52,Yes
S0704,Student_704,27,Male,data science,2023-01-05,70,No
S0705,Student_705,22,Female,ai fundamentals,2023-08-29,95,Yes
S0706,Student_706,40,Female,ai fundamentals,2023-07-24,74,Yes
S0707,Student_707,31,Female,ai fundamentals,2023-04-22,93,Yes
S0708,Student_708,39,Female,data engineering,2023-07-22,70,No
S0709,Student_709,35,Female,data engineering,2023-09-10,95,Yes
S0710,Student_710,21,Male,data engineering,2023-07-01,65,Yes
S0711,Student_711,31,Male,data engineering,2023-08-27,83,No
S0712,Student_712,37,Male,data engineering,2023-05-19,74,Yes
S0713,Student_713,44,Female,data science,2023-09-01,74,No
S0714,Student_714,26,Male,ai fundamentals,2023-02-13,90,No
S0715,Student_715,43,Female,ai fundamentals,2023-09-20,77,No
S0716,Student_716,39,Male,data science,2023-07-19,53,Yes
S0717,Student_717,31,Male,data science,2023-01-01,69,No
S0718,Student_718,23,Male,data science,2023-02-21,62,Yes
S0719,Student_719,40,Female,data science,2023-06-12,100,No
S0720,Student_720,34,Male,data engineering,2023-12-19,94,Yes
S0721,Student_721,43,Female,ai fundamentals,2023-01-24,60,No
S0722,Student_722,32,Male,data science,2023-07-19,59,Yes
S0723,Student_723,41,Female,cloud computing,2023-10-02,78,Yes
S0724,Student_724,23,Female,data science,2023-10-16,96,No
S0725,Student_725,19,Female,ai fundamentals,2023-01-03,81,Yes
S0726,Student_726,23,Female,cloud computing,2023-06-16,73,Yes
S0727,Student_727,24,Female,data science,2023-09-26,63,Yes
S0728,Student_728,30,Female,data engineering,2023-03-06,55,No
S0729,Student_729,44,Female,data engineering,2023-09-10,95,No
S0730,Student_730,28,Female,cloud computing,2023-03-14,90,No
S0731,Student_731,40,Female,data engineering,2023-09-17,57,Yes
S0732,Student_732,32,Female,cloud computing,2023-05-12,91,No
S0733,Student_733,26,Male,data science,2023-08-19,96,No
S0734,Student_734,25,Female,ai fundamentals,2023-05-15,66,No
S0735,Student_735,31,Male,cloud computing,2023-11-11,100,No
S0736,Student_736,23,Male,data science,2023-01-03,89,No
S0737,Student_737,33,Female,cloud computing,2023-06-25,85,Yes
S0738,Student_738,28,Male,ai fundamentals,2023-06-30,92,No
S0739,Student_739,21,Female,data engineering,2023-02-28,78,No
S0740,Student_740,28,Female,data engineering,2023-04-21,67,Yes
S0741,Student_741,36,Male,cloud computing,2023-03-24,87,No
S0742,Student_742,43,Female,ai fundamentals,2023-09-12,51,Yes
S0743,Student_743,43,Male,data science,2023-03-22,67,Yes
S0744,Student_744,21,Male,data science,2023-11-10,80,No
S0745,Student_745,32,Male,data science,2023-06-21,84,No
S0746,Student_746,36,Male,cloud computing,2023-10-17,53,Yes
S0747,Student_747,23,Female,data engineering,2023-03-11,83,Yes
S0748,Student_748,44,Female,cloud computing,2023-08-10,93,No
S0749,Student_749,22,Female,cloud computing,2023-03-21,75,Yes
S0750,Student_750,35,Male,cloud computing,2023-03-31,51,Yes
S0751,Student_751,23,Female,data science,2023-10-08,84,Yes
S0752,Student_752,42,Male,ai fundamentals,2023-12-23,99,Yes
S0753,Student_753,21,Male,cloud computing,2023-07-08,89,Yes
S0754,Student_754,23,Male,data science,2023-11-17,90,Yes
S0755,Student_755,26,Male,cloud computing,2023-03-19,68,Yes
S0756,Student_756,22,Male,cloud computing,2023-01-13,91,Yes
S0757,Student_757,44,Male,data science,2023-07-18,71,Yes
S0758,Student_758,35,Female,ai fundamentals,2023-04-24,97,No
S0759,Student_759,41,Female,ai fundamentals,2023-02-19,78,No
S0760,Student_760,42,Female,data engineering,2023-05-12,51,Yes
S0761,Student_761,19,Male,cloud computing,2023-04-26,91,Yes
S0762,Student_762,36,Male,data engineering,2023-06-27,88,No
S0763,Student_763,19,Female,data science,2023-08-16,62,No
S0764,Student_764,32,Female,cloud computing,2023-03-17,65,Yes
S0765,Student_765,35,Female,data science,2023-01-18,78,No
S0766,Student_766,25,Male,data engineering,2023-03-10,75,Yes
S0767,Student_767,39,Female,data science,2023-10-31,100,Yes
S0768,Student_768,29,Female,data science,2023-11-27,72,Yes
S0769,Student_769,32,Male,ai fundamentals,2023-04-27,77,Yes
S0770,Student_770,34,Male,cloud computing,2023-09-03,63,No
S0771,Student_771,38,Female,cloud computing,2023-12-25,83,Yes
S0772,Student_772,19,Female,cloud computing,2023-02-06,64,Yes
S0773,Student_773,35,Male,data science,2023-10-09,58,No
S0774,Student_774,30,Male,ai fundamentals,2023-02-05,54,Yes
S0775,Student_775,40,Male,data engineering,2023-11-17,96,Yes
S0776,Student_776,32,Male,cloud computing,2023-01-09,71,Yes
S0777,Student_777,40,Female,data science,2023-09-20,95,Yes
S0778,Student_778,18,Female,ai fundamentals,2023-04-12,78,No
S0779,Student_779,20,Female,ai fundamentals,2023-03-24,72,Yes
S0780,Student_780,37,Female,cloud computing,2023-01-18,64,Yes
S0781,Student_781,41,Female,ai fundamentals,2023-09-17,50,No
S0782,Student_782,43,Male,ai fundamentals,2023-05-07,100,Yes
S0783,Student_783,32,Male,data science,2023-09-22,87,Yes
S0784,Student_784,36,Female,data engineering,2023-02-17,100,Yes
S0785,Student_785,29,Male,ai fundamentals,2023-02-13,59,No
S0786,Student_786,38,Female,data engineering,2023-07-09,83,No
S0787,Student_787,27,Female,ai fundamentals,2023-09-17,90,No
S0788,Student_788,32,Female,ai fundamentals,2023-10-28,90,Yes
S0789,Student_789,18,Female,ai fundamentals,2023-03-17,57,No
S0790,Student_790,30,Male,cloud computing,2023-11-02,76,No
S0791,Student_791,40,Female,cloud computing,2023-02-20,79,Yes
S0792,Student_792,27,Female,cloud computing,2023-05-19,100,No
S0793,Student_793,36,Female,data engineering,2023-06-21,67,Yes
S0794,Student_794,22,Male,data engineering,2023-07-27,60,Yes
S0795,Student_795,25,Female,cloud computing,2023-04-13,93,Yes
S0796,Student_796,21,Male,data engineering,2023-03-04,83,Yes
S0797,Student_797,34,Male,data science,2023-12-05,51,Yes
S0798,Student_798,30,Female,data engineering,2023-09-11,88,No
S0799,Student_799,23,Male,data science,2023-11-15,69,Yes
S0800,Student_800,38,Male,cloud computing,2023-12-08,79,Yes
S0801,Student_801,31,Female,data science,2023-08-14,56,Yes
S0802,Student_802,34,Female,cloud computing,2023-03-31,55,No
S0803,Student_803,31,Male,cloud computing,2023-01-02,54,No
S0804,Student_804,36,Female,cloud computing,2023-05-19,52,No
S0805,Student_805,37,Male,data engineering,2023-05-01,90,No
S0806,Student_806,35,Female,ai fundamentals,2023-01-14,90,Yes
S0807,Student_807,25,Female,ai fundamentals,2023-06-29,66,Yes
S0808,Student_808,44,Female,data science,2023-11-19,57,Yes
S0809,Student_809,35,Male,ai fundamentals,2023-07-30,90,No
S0810,Student_810,32,Male,cloud computing,2023-08-01,74,Yes
S0811,Student_811,21,Male,ai fundamentals,2023-05-16,73,Yes
S0812,Student_812,28,Female,data science,2023-10-24,72,Yes
S0813,Student_813,38,Male,cloud computing,2023-11-09,91,No
S0814,Student_814,28,Female,data engineering,2023-12-08,56,No
S0815,Student_815,19,Female,cloud computing,2023-02-07,64,Yes
S0816,Student_816,41,Male,cloud computing,2023-07-31,89,No
S0817,Student_817,38,Female,data science,2023-07-03,74,No
S0818,Student_818,34,Male,data engineering,2023-01-01,81,Yes
S0819,Student_819,28,Female,cloud computing,2023-08-02,70,No
S0820,Student_820,36,Male,data engineering,2023-08-28,68,Yes
S0821,Student_821,44,Female,cloud computing,2023-06-15,85,No
S0822,Student_822,41,Female,cloud computing,2023-06-24,82,No
S0823,Student_823,38,Male,data science,2023-08-21,70,No
S0824,Student_824,34,Male,cloud computing,2023-12-15,74,Yes
S0825,Student_825,20,Female,cloud computing,2023-03-05,82,No
S0826,Student_826,24,Male,cloud computing,2023-02-27,77,Yes
S0827,Student_827,27,Female,ai fundamentals,2023-04-11,94,Yes
S0828,Student_828,20,Female,data engineering,2023-02-09,86,No
S0829,Student_829,38,Female,data science,2023-07-13,68,No
S0830,Student_830,30,Female,data science,2023-07-09,72,Yes
S0831,Student_831,27,Female,data science,2023-07-17,84,No
S0832,Student_832,43,Male,cloud computing,2023-12-14,81,Yes
S0833,Student_833,39,Male,data engineering,2023-12-18,100,Yes
S0834,Student_834,22,Male,ai fundamentals,2023-03-15,68,Yes
S0835,Student_835,44,Female,ai fundamentals,2023-07-01,64,No
S0836,Student_836,22,Male,data science,2023-01-08,57,No
S0837,Student_837,27,Male,data engineering,2023-12-22,61,No
S0838,Student_838,28,Male,ai fundamentals,2023-07-17,60,No
S0839,Student_839,30,Female,data science,2023-06-19,88,No
S0840,Student_840,26,Male,ai fundamentals,2023-10-12,91,Yes
S0841,Student_841,19,Male,ai fundamentals,2023-09-04,72,Yes
S0842,Student_842,23,Male,data engineering,2023-12-08,50,No
S0843,Student_843,25,Female,data science,2023-09-25,84,Yes
S0844,Student_844,18,Male,ai fundamentals,2023-01-04,67,Yes
S0845,Student_845,44,Female,cloud computing,2023-10-02,92,Yes
S0846,Student_846,19,Female,cloud computing,2023-02-16,56,Yes
S0847,Student_847,44,Male,ai fundamentals,2023-12-28,53,No
S0848,Student_848,21,Female,data engineering,2023-05-26,90,No
S0849,Student_849,43,Male,data engineering,2023-04-22,77,No
S0850,Student_850,36,Female,ai fundamentals,2023-06-05,62,Yes
S0851,Student_851,42,Male,data engineering,2023-02-24,89,No
S0852,Student_852,36,Male,data engineering,2023-04-22,71,No
S0853,Student_853,38,Female,cloud computing,2023-07-21,75,Yes
S0854,Student_854,26,Male,data science,2023-07-19,50,Yes
S0855,Student_855,36,Female,data science,2023-03-13,93,Yes
S0856,Student_856,43,Male,ai fundamentals,2023-12-24,84,No
S0857,Student_857,42,Female,ai fundamentals,2023-04-21,51,Yes
S0858,Student_858,25,Female,ai fundamentals,2023-06-24,98,Yes
S0859,Student_859,28,Female,cloud computing,2023-06-12,93,No
S0860,Student_860,42,Female,cloud computing,2023-06-11,87,Yes
S0861,Student_861,36,Female,data engineering,2023-03-16,96,Yes
S0862,Student_862,21,Male,cloud computing,2023-11-22,93,No
S0863,Student_863,30,Male,data science,2023-10-30,75,Yes
S0864,Student_864,37,Female,cloud computing,2023-07-31,73,Yes
S0865,Student_865,31,Male,ai fundamentals,2023-08-12,92,No
S0866,Student_866,40,Male,data science,2023-06-25,54,Yes
S0867,Student_867,18,Female,data engineering,2023-04-15,57,No
S0868,Student_868,28,Female,data science,2023-07-11,79,Yes
S0869,Student_869,21,Female,cloud computing,2023-04-30,51,No
S0870,Student_870,24,Female,cloud computing,2023-10-29,73,Yes
S0871,Student_871,21,Male,data engineering,2023-07-03,73,Yes
S0872,Student_872,43,Male,ai fundamentals,2023-04-21,74,Yes
S0873,Student_873,24,Female,data engineering,2023-11-17,75,No
S0874,Student_874,37,Male,data engineering,2023-12-24,55,Yes
S0875,Student_875,20,Male,data engineering,2023-05-31,72,Yes
S0876,Student_876,36,Female,data engineering,2023-01-06,99,No
S0877,Student_877,36,Male,cloud computing,2023-02-05,66,No
S0878,Student_878,24,Male,ai fundamentals,2023-10-19,81,Yes
S0879,Student_879,38,Female,data science,2023-05-05,98,Yes
S0880,Student_880,29,Male,ai fundamentals,2023-04-15,50,No
S0881,Student_881,40,Male,ai fundamentals,2023-07-15,100,Yes
S0882,Student_882,18,Male,data engineering,2023-06-06,53,No
S0883,Student_883,22,Female,ai fundamentals,2023-04-02,83,No
S0884,Student_884,31,Female,data engineering,2023-09-09,81,Yes
S0885,Student_885,27,Male,data science,2023-05-18,56,No
S0886,Student_886,20,Female,data engineering,2023-10-27,50,Yes
S0887,Student_887,19,Male,data science,2023-05-12,58,Yes
S0888,Student_888,30,Female,ai fundamentals,2023-04-18,74,Yes
S0889,Student_889,33,Male,data engineering,2023-04-17,56,Yes
S0890,Student_890,40,Female,cloud computing,2023-08-23,61,Yes
S0891,Student_891,19,Male,data science,2023-05-13,54,Yes
S0892,Student_892,41,Male,ai fundamentals,2023-06-07,87,No
S0893,Student_893,30,Female,data science,2023-11-13,57,No
S0894,Student_894,23,Male,data engineering,2023-01-03,75,Yes
S0895,Student_895,24,Male,cloud computing,2023-03-11,92,No
S0896,Student_896,19,Female,data science,2023-02-17,55,Yes
S0897,Student_897,28,Female,data science,2023-07-24,87,Yes
S0898,Student_898,24,Male,data science,2023-05-26,54,No
S0899,Student_899,24,Male,ai fundamentals,2023-03-21,92,Yes
S0900,Student_900,24,Male,cloud computing,2023-07-04,62,No
S0901,Student_901,24,Female,cloud computing,2023-02-11,66,Yes
S0902,Student_902,29,Female,cloud computing,2023-08-02,55,Yes
S0903,Student_903,36,Male,data science,2023-04-15,63,No
S0904,Student_904,39,Male,data science,2023-01-04,61,Yes
S0905,Student_905,36,Male,data science,2023-07-08,72,Yes
S0906,Student_906,36,Male,data science,2023-10-30,92,No
S0907,Student_907,37,Female,data engineering,2023-06-09,89,Yes
S0908,Student_908,20,Male,data engineering,2023-11-04,50,No
S0909,Student_909,30,Male,ai fundamentals,2023-04-08,74,No
S0910,Student_910,27,Female,data science,2023-06-25,98,No
S0911,Student_911,37,Female,ai fundamentals,2023-09-25,77,Yes
S0912,Student_912,26,Female,cloud computing,2023-12-26,80,No
S0913,Student_913,23,Female,data science,2023-11-15,74,Yes
S0914,Student_914,38,Male,data engineering,2023-05-17,78,No
S0915,Student_915,39,Male,data science,2023-07-10,74,Yes
S0916,Student_916,29,Female,cloud computing,2023-05-12,80,No
S0917,Student_917,19,Female,ai fundamentals,2023-04-18,96,Yes
S0918,Student_918,29,Male,data science,2023-11-07,82,Yes
S0919,Student_919,33,Male,data engineering,2023-08-20,96,No
S0920,Student_920,30,Male,cloud computing,2023-06-19,85,Yes
S0921,Student_921,33,Female,cloud computing,2023-11-07,72,Yes
S0922,Student_922,30,Female,ai fundamentals,2023-10-09,97,No
S0923,Student_923,39,Female,data science,2023-03-13,58,No
S0924,Student_924,42,Male,data engineering,2023-08-21,53,No
S0925,Student_925,36,Male,data science,2023-12-16,86,Yes
S0926,Student_926,43,Male,data engineering,2023-09-12,64,No
S0927,Student_927,31,Female,ai fundamentals,2023-02-08,86,Yes
S0928,Student_928,30,Female,cloud computing,2023-09-21,67,No
S0929,Student_929,27,Male,ai fundamentals,2023-08-05,69,No
S0930,Student_930,39,Male,cloud computing,2023-10-13,74,No
S0931,Student_931,24,Female,data science,2023-11-04,74,No
S0932,Student_932,22,Female,cloud computing,2023-07-04,85,Yes
S0933,Student_933,34,Female,data engineering,2023-10-27,100,No
S0934,Student_934,26,Male,ai fundamentals,2023-11-01,51,Yes
S0935,Student_935,44,Male,cloud computing,2023-07-26,62,No
S0936,Student_936,23,Female,cloud computing,2023-12-29,70,Yes
S0937,Student_937,33,Male,data science,2023-07-28,57,No
S0938,Student_938,23,Female,data science,2023-08-28,72,Yes
S0939,Student_939,23,Male,data science,2023-05-10,94,No
S0940,Student_940,35,Male,data engineering,2023-12-29,65,Yes
S0941,Student_941,18,Male,data science,2023-02-23,82,Yes
S0942,Student_942,34,Female,cloud computing,2023-09-01,83,Yes
S0943,Student_943,34,Male,data engineering,2023-02-26,63,Yes
S0944,Student_944,18,Female,data science,2023-05-24,51,Yes
S0945,Student_945,28,Male,cloud computing,2023-12-03,53,Yes
S0946,Student_946,30,Female,data engineering,2023-07-20,89,No
S0947,Student_947,18,Female,cloud computing,2023-12-28,86,No
S0948,Student_948,44,Female,data science,2023-05-29,88,Yes
S0949,Student_949,25,Female,data science,2023-07-09,77,No
S0950,Student_950,40,Female,data engineering,2023-07-11,84,No
S0951,Student_951,37,Male,ai fundamentals,2023-11-07,95,No
S0952,Student_952,23,Male,cloud computing,2023-05-09,88,No
S0953,Student_953,22,Female,cloud computing,2023-05-04,97,Yes
S0954,Student_954,37,Female,ai fundamentals,2023-11-02,75,No
S0955,Student_955,22,Female,ai fundamentals,2023-07-18,66,No
S0956,Student_956,23,Male,cloud computing,2023-10-14,98,Yes
S0957,Student_957,30,Female,data engineering,2023-09-27,100,No
S0958,Student_958,44,Male,ai fundamentals,2023-10-04,59,Yes
S0959,Student_959,35,Female,data science,2023-11-28,75,Yes
S0960,Student_960,37,Male,data engineering,2023-09-25,50,Yes
S0961,Student_961,30,Female,ai fundamentals,2023-05-14,65,Yes
S0962,Student_962,24,Male,data science,2023-05-25,66,No
S0963,Student_963,25,Male,data science,2023-07-10,92,Yes
S0964,Student_964,38,Female,cloud computing,2023-01-28,86,No
S0965,Student_965,34,Female,data engineering,2023-12-31,57,No
S0966,Student_966,18,Female,ai fundamentals,2023-09-04,73,No
S0967,Student_967,41,Female,data science,2023-02-12,99,Yes
S0968,Student_968,33,Male,cloud computing,2023-05-13,90,No
S0969,Student_969,28,Male,ai fundamentals,2023-08-22,88,Yes
S0970,Student_970,21,Male,data science,2023-06-17,95,No
S0971,Student_971,21,Male,cloud computing,2023-02-07,87,Yes
S0972,Student_972,34,Male,data science,2023-01-07,99,Yes
S0973,Student_973,34,Male,cloud computing,2023-09-01,87,Yes
S0974,Student_974,27,Female,cloud computing,2023-04-04,54,Yes
S0975,Student_975,38,Male,data engineering,2023-11-11,84,No
S0976,Student_976,38,Male,ai fundamentals,2023-03-18,72,No
S0977,Student_977,23,Male,cloud computing,2023-03-06,99,Yes
S0978,Student_978,42,Female,data science,2023-02-20,80,No
S0979,Student_979,42,Male,ai fundamentals,2023-06-27,83,Yes
S0980,Student_980,34,Female,ai fundamentals,2023-04-19,77,No
S0981,Student_981,35,Male,ai fundamentals,2023-08-29,57,No
S0982,Student_982,39,Male,data engineering,2023-02-20,63,Yes
S0983,Student_983,43,Female,cloud computing,2023-10-10,75,No
S0984,Student_984,27,Male,cloud computing,2023-06-18,87,Yes
S0985,Student_985,30,Male,cloud computing,2023-11-14,81,Yes
S0986,Student_986,33,Female,cloud computing,2023-06-26,86,No
S0987,Student_987,24,Female,data science,2023-05-31,99,Yes
S0988,Student_988,32,Male,cloud computing,2023-09-28,97,Yes
S0989,Student_989,19,Male,ai fundamentals,2023-11-16,89,Yes
S0990,Student_990,22,Female,cloud computing,2023-12-08,58,Yes
S0991,Student_991,34,Female,cloud computing,2023-02-22,68,No
S0992,Student_992,22,Female,cloud computing,2023-02-06,70,No
S0993,Student_993,25,Female,cloud computing,2023-07-18,75,No
S0994,Student_994,41,Male,data engineering,2023-08-23,89,No
S0995,Student_995,32,Male,ai fundamentals,2023-02-08,79,No
S0996,Student_996,25,Female,data engineering,2023-05-25,52,Yes
S0997,Student_997,40,Male,ai fundamentals,2023-08-15,90,No
S0998,Student_998,20,Female,cloud computing,2023-04-22,100,No
S0999,Student_999,40,Female,cloud computing,2023-07-04,67,No
S1000,Student_1000,34,Male,ai fundamentals,2023-09-09,90,Yes
